article_id,product_code,prod_name,product_type_no,product_type_name,product_group_name,graphical_appearance_no,graphical_appearance_name,colour_group_code,colour_group_name,perceived_colour_value_id,perceived_colour_value_name,perceived_colour_master_id,perceived_colour_master_name,department_no,department_name,index_code,index_name,index_group_no,index_group_name,section_no,section_name,garment_group_no,garment_group_name,detail_desc
0158340001,0158340,Highwaist 30 den 1p Tights,273,Leggings/Tights,Garment Lower body,1010016,Solid,9,Black,4,Dark,5,Black,3608,Tights basic,B,Lingeries/Tights,1,Ladieswear,62,"Womens Nightwear, Socks & Tigh",1021,Socks and Tights,High-waisted tights that lift the bum and shape the waist and thighs. 30 denier.
0448509014,0448509,Perrie Slim Mom Denim TRS,272,Trousers,Garment Lower body,1010016,Solid,72,Blue,3,Light,2,Blue,1747,Trousers,D,Divided,2,Divided,53,Divided Collection,1009,Trousers,"5-pocket, ankle-length jeans in washed, sturdy cotton denim with a high waist, button fly and slim, straight legs with raw-edge hems."
0456163086,0456163,Woody(1),308,Hoodie,Garment Upper body,1010016,Solid,93,Dark Green,2,Medium Dusty,19,Green,1676,Jersey Basic,A,Ladieswear,1,Ladieswear,16,Womens Everyday Basics,1002,Jersey Basic,"Wide top in sweatshirt fabric with a lined drawstring hood, kangaroo pocket and ribbing at the cuffs and hem."
0673677002,0673677,Henry polo. (1),252,Sweater,Garment Upper body,1010016,Solid,9,Black,4,Dark,5,Black,1616,Knitwear,A,Ladieswear,1,Ladieswear,11,Womens Tailoring,1003,Knitwear,"Jumper in a soft, fine knit with a ribbed polo neck and ribbing at the cuffs and hem."
0685814001,0685814,RICHIE HOOD,308,Hoodie,Garment Upper body,1010016,Solid,9,Black,4,Dark,5,Black,5833,Heavy Basic Jersey,F,Menswear,3,Menswear,26,Men Underwear,1002,Jersey Basic,"Hoodie in sweatshirt fabric made from a cotton blend. Relaxed fit with a lined, drawstring hood, long sleeves, kangaroo pocket and ribbing at the cuffs and hem. Soft brushed inside."
0706016001,0706016,Jade HW Skinny Denim TRS,272,Trousers,Garment Lower body,1010016,Solid,9,Black,4,Dark,5,Black,1747,Trousers,D,Divided,2,Divided,53,Divided Collection,1009,Trousers,"High-waisted jeans in washed superstretch denim with a zip fly and button, fake front pockets, real back pockets and super-skinny legs."
0706016003,0706016,Jade HW Skinny Denim TRS,272,Trousers,Garment Lower body,1010016,Solid,73,Dark Blue,2,Medium Dusty,2,Blue,1747,Trousers,D,Divided,2,Divided,53,Divided Collection,1009,Trousers,"High-waisted jeans in washed superstretch denim with a zip fly and button, fake front pockets, real back pockets and super-skinny legs."
0714790020,0714790,Mom Fit Ultra HW,272,Trousers,Garment Lower body,1010023,Denim,72,Blue,2,Medium Dusty,2,Blue,1772,Denim Trousers,D,Divided,2,Divided,57,Ladies Denim,1016,Trousers Denim,"5-pocket, ankle-length jeans in washed, stretch cotton denim with an extra-high waist. Slightly looser fit with straight legs. The cotton content of the jeans is partly recycled."
0715624001,0715624,Becka hoodie,308,Hoodie,Garment Upper body,1010016,Solid,9,Black,4,Dark,5,Black,1643,Basic 1,D,Divided,2,Divided,51,Divided Basics,1002,Jersey Basic,"Long-sleeved top in soft sweatshirt fabric with a jersey-lined, drawstring hood, kangaroo pocket and ribbing at the cuffs and hem. Soft brushed inside."
0751471001,0751471,Pluto RW slacks (1),272,Trousers,Garment Lower body,1010016,Solid,9,Black,4,Dark,5,Black,1722,Trouser,A,Ladieswear,1,Ladieswear,15,Womens Everyday Collection,1009,Trousers,"Ankle-length cigarette trousers in a stretch weave with a zip fly, concealed hook-and-eye fastening, and regular waist with concealed elastication. Side pockets, fake back pockets and tapered legs."
0751471038,0751471,Pluto RW slacks (1),272,Trousers,Garment Lower body,1010004,Check,9,Black,4,Dark,5,Black,1722,Trouser,A,Ladieswear,1,Ladieswear,15,Womens Everyday Collection,1009,Trousers,"Ankle-length cigarette trousers in a stretch weave with a zip fly, concealed hook-and-eye fastening, and regular waist with concealed elastication. Side pockets, fake back pockets and tapered legs."
0751471043,0751471,Pluto RW slacks (1),272,Trousers,Garment Lower body,1010004,Check,9,Black,4,Dark,5,Black,1722,Trouser,A,Ladieswear,1,Ladieswear,15,Womens Everyday Collection,1009,Trousers,"Ankle-length cigarette trousers in a stretch weave with a zip fly, concealed hook-and-eye fastening, and regular waist with concealed elastication. Side pockets, fake back pockets and tapered legs."
0762846006,0762846,Lucy blouse,259,Shirt,Garment Upper body,1010016,Solid,9,Black,4,Dark,5,Black,1515,Blouse,A,Ladieswear,1,Ladieswear,11,Womens Tailoring,1010,Blouses,"Long-sleeved blouse in woven fabric with a collar, V-neck, buttons down the front, buttoned cuffs and a rounded hem."
0762846026,0762846,Lucy blouse,259,Shirt,Garment Upper body,1010016,Solid,83,Dark Turquoise,4,Dark,7,Turquoise,1515,Blouse,A,Ladieswear,1,Ladieswear,11,Womens Tailoring,1010,Blouses,"Long-sleeved blouse in woven fabric with a collar, V-neck, buttons down the front, buttoned cuffs and a rounded hem."
0762846027,0762846,Lucy blouse,259,Shirt,Garment Upper body,1010016,Solid,13,Beige,1,Dusty Light,1,Mole,1515,Blouse,A,Ladieswear,1,Ladieswear,11,Womens Tailoring,1010,Blouses,"Long-sleeved blouse in woven fabric with a collar, V-neck, buttons down the front, buttoned cuffs and a rounded hem."
0762846031,0762846,Lucy blouse,259,Shirt,Garment Upper body,1010016,Solid,93,Dark Green,2,Medium Dusty,19,Green,1515,Blouse,A,Ladieswear,1,Ladieswear,11,Womens Tailoring,1010,Blouses,"Long-sleeved blouse in woven fabric with a collar, V-neck, buttons down the front, buttoned cuffs and a rounded hem."
0783346001,0783346,Primo slacks,272,Trousers,Garment Lower body,1010016,Solid,9,Black,4,Dark,5,Black,1722,Trouser,A,Ladieswear,1,Ladieswear,15,Womens Everyday Collection,1009,Trousers,Ankle-length cigarette trousers in a stretch weave with a regular waist that is elasticated at the back. Fake welt back pockets and slim legs with creases.
0850917001,0850917,Sadie Shirt,259,Shirt,Garment Upper body,1010016,Solid,10,White,3,Light,9,White,1515,Blouse,A,Ladieswear,1,Ladieswear,11,Womens Tailoring,1010,Blouses,"Gently fitted shirt in a stretch weave made from a cotton blend with peak lapels, a French front and yoke at the back. Long sleeves with wide, buttoned cuffs, and a rounded hem."
0852584001,0852584,SUPREME RW tights,-1,Unknown,Unknown,1010016,Solid,9,Black,4,Dark,5,Black,8310,Ladies Sport Bottoms,S,Sport,26,Sport,5,Ladies H&M Sport,1005,Jersey Fancy,"High-waisted, ankle-length sports tights in fast-drying functional fabric. Wide panel to hold in and shape the waist. Concealed key pocket in the waistband."
0863583001,0863583,Morris,252,Sweater,Garment Upper body,1010017,Stripe,11,Off White,1,Dusty Light,9,White,1626,Knitwear,A,Ladieswear,1,Ladieswear,15,Womens Everyday Collection,1003,Knitwear,"Round-necked jumper in a soft, rib-knit cotton blend. Relaxed fit with dropped shoulders, long, wide sleeves and a straight hem."
0863583002,0863583,Morris,252,Sweater,Garment Upper body,1010017,Stripe,9,Black,4,Dark,5,Black,1626,Knitwear,A,Ladieswear,1,Ladieswear,15,Womens Everyday Collection,1003,Knitwear,"Round-necked jumper in a soft, rib-knit cotton blend. Relaxed fit with dropped shoulders, long, wide sleeves and a straight hem."
0863595006,0863595,Baraboom throw-on,245,Cardigan,Garment Upper body,1010016,Solid,9,Black,4,Dark,5,Black,1626,Knitwear,A,Ladieswear,1,Ladieswear,15,Womens Everyday Collection,1003,Knitwear,"Long cardigan in a soft, fine knit containing some wool with dropped shoulders, long sleeves and ribbing at the cuffs, hem and back of the neck. No buttons. The polyester content of the cardigan is recycled."
0863646001,0863646,Matey,252,Sweater,Garment Upper body,1010016,Solid,9,Black,4,Dark,5,Black,1626,Knitwear,A,Ladieswear,1,Ladieswear,15,Womens Everyday Collection,1003,Knitwear,"Wide, V-neck jumper in a knit containing some wool with dropped shoulders, long sleeves and ribbing at the cuffs and hem. The polyester content of the jumper is recycled."
0865799006,0865799,Pink HW barrel,272,Trousers,Garment Lower body,1010016,Solid,12,Light Beige,1,Dusty Light,11,Beige,1722,Trouser,A,Ladieswear,1,Ladieswear,15,Womens Everyday Collection,1009,Trousers,"5-pocket, ankle-length trousers in washed cotton twill with a high waist and wide, tapered legs with decorative seams at the hems."
0874754002,0874754,Alexion sweater,252,Sweater,Garment Upper body,1010016,Solid,92,Green,1,Dusty Light,19,Green,1610,Knitwear,A,Ladieswear,1,Ladieswear,6,Womens Casual,1003,Knitwear,"Relaxed-fit jumper in a soft, fine knit containing some wool with dropped shoulders, long sleeves and ribbing around the neckline, cuffs and hem. The polyester content of the jumper is recycled."
0884319005,0884319,Lucien CONSCIOUS,258,Blouse,Garment Upper body,1010016,Solid,12,Light Beige,1,Dusty Light,11,Beige,1522,Blouse,A,Ladieswear,1,Ladieswear,15,Womens Everyday Collection,1010,Blouses,"Blouse in an airy weave with a stand-up collar and gathers at the top to create soft draping front and back. Opening with covered buttons at the back of the neck, long puff sleeves, cuffs with covered buttons, and a gently rounded hem."
0893059005,0893059,Stacey,245,Cardigan,Garment Upper body,1010010,Melange,6,Light Grey,1,Dusty Light,12,Grey,1626,Knitwear,A,Ladieswear,1,Ladieswear,15,Womens Everyday Collection,1003,Knitwear,"Long cardigan in a soft knit containing some wool with long sleeves, high slits in the sides and ribbing at the cuffs and hem. No buttons. The polyester content of the cardigan is recycled."
0893141002,0893141,Sandy,252,Sweater,Garment Upper body,1010010,Melange,13,Beige,1,Dusty Light,1,Mole,1626,Knitwear,A,Ladieswear,1,Ladieswear,15,Womens Everyday Collection,1003,Knitwear,"Oversized jumper in a soft knit containing some wool with dropped shoulders, long sleeves, a rounded hem and ribbing around the neckline, cuffs and hem. Longer at the back. The polyester content of the jumper is recycled."
0894780001,0894780,Peggy HW PU Leggings,273,Leggings/Tights,Garment Lower body,1010016,Solid,9,Black,4,Dark,5,Black,1747,Trousers,D,Divided,2,Divided,53,Divided Collection,1009,Trousers,Leggings in stretch imitation leather. High waist with concealed elastication.
0896152002,0896152,Amelie,255,T-shirt,Garment Upper body,1010016,Solid,9,Black,4,Dark,5,Black,1626,Knitwear,A,Ladieswear,1,Ladieswear,15,Womens Everyday Collection,1003,Knitwear,"Top in a soft, fine knit containing some wool with a collar and rhinestone-decorated buttons at the top. Gently dropped shoulders, short sleeves with ribbed trims and a ribbed hem. The polyester content of the top is recycled."
0896169005,0896169,Hilton,245,Cardigan,Garment Upper body,1010010,Melange,61,Light Purple,1,Dusty Light,6,Lilac Purple,1626,Knitwear,A,Ladieswear,1,Ladieswear,15,Womens Everyday Collection,1003,Knitwear,"Cardigan in a soft knit containing some wool. Boxy fit with a deep V-neck, rhinestone-decorated buttons down the front, dropped shoulders and long sleeves. Wide ribbing at the cuffs and hem. The polyester content of the cardigan is recycled."
0898694001,0898694,Jasba jersey  shacket,264,Blazer,Garment Upper body,1010010,Melange,12,Light Beige,1,Dusty Light,11,Beige,1222,Suit jacket,A,Ladieswear,1,Ladieswear,15,Womens Everyday Collection,1008,Dressed,"Shirt jacket in jersey with a collar, buttons down the front and flap chest pockets with a button. Low dropped shoulders, long sleeves with buttoned cuffs, and a rounded hem. Unlined."
0898713001,0898713,Hanoi Oversize Blazer,264,Blazer,Garment Upper body,1010004,Check,33,Dark Orange,2,Medium Dusty,13,Brown,1222,Suit jacket,A,Ladieswear,1,Ladieswear,15,Womens Everyday Collection,1008,Dressed,"Oversized, double-breasted jacket in woven fabric with notch lapels, flap front pockets and long sleeves with decorative buttons at the cuffs. Lined in woven fabric made from recycled polyester."
0909370001,0909370,FF PI Haley dress,265,Dress,Garment Full body,1010022,Jacquard,11,Off White,1,Dusty Light,9,White,3090,Campaigns,A,Ladieswear,1,Ladieswear,15,Womens Everyday Collection,1023,Special Offers,"Short, A-line dress in a jacquard weave made from recycled polyester. Double-layered stand-up collar with pleats and a V-shaped opening at the front, long puff sleeves and gathered tiers to the hem for added width in the skirt. Unlined."
0910601003,0910601,Pixie PU,272,Trousers,Garment Lower body,1010018,Treatment,13,Beige,1,Dusty Light,1,Mole,1722,Trouser,A,Ladieswear,1,Ladieswear,15,Womens Everyday Collection,1009,Trousers,"5-pocket, ankle-length trousers in imitation leather with a high waist, zip fly and button and straight legs with seams just below the knees."
0914805002,0914805,Fife dress,254,Top,Garment Upper body,1010016,Solid,9,Black,4,Dark,5,Black,1610,Knitwear,A,Ladieswear,1,Ladieswear,6,Womens Casual,1003,Knitwear,"Calf-length dress in a soft knit containing some wool with a ribbed polo neck, long raglan sleeves, ribbing at the cuffs and hem, and short slits in the sides."
0915526001,0915526,Nika vest,252,Sweater,Garment Upper body,1010016,Solid,11,Off White,1,Dusty Light,9,White,1626,Knitwear,A,Ladieswear,1,Ladieswear,15,Womens Everyday Collection,1003,Knitwear,"Relaxed-fit slipover in a soft, rib-knit cotton blend with a deep V-neck and straight hem with angled slits in the sides."
0915529001,0915529,Liliana,252,Sweater,Garment Upper body,1010016,Solid,13,Beige,4,Dark,11,Beige,1626,Knitwear,A,Ladieswear,1,Ladieswear,15,Womens Everyday Collection,1003,Knitwear,"Jumper in a soft, fine knit containing some wool with a square neckline and long puff sleeves. Wide ribbing at the cuffs and hem. The polyester content of the jumper is recycled."
0915529003,0915529,Liliana,252,Sweater,Garment Upper body,1010016,Solid,9,Black,4,Dark,5,Black,1626,Knitwear,A,Ladieswear,1,Ladieswear,15,Womens Everyday Collection,1003,Knitwear,"Jumper in a soft, fine knit containing some wool with a square neckline and long puff sleeves. Wide ribbing at the cuffs and hem. The polyester content of the jumper is recycled."
0915529005,0915529,Liliana,252,Sweater,Garment Upper body,1010016,Solid,13,Beige,1,Dusty Light,1,Mole,1626,Knitwear,A,Ladieswear,1,Ladieswear,15,Womens Everyday Collection,1003,Knitwear,"Jumper in a soft, fine knit containing some wool with a square neckline and long puff sleeves. Wide ribbing at the cuffs and hem. The polyester content of the jumper is recycled."
0918292001,0918292,STRONG HW seamless tights,273,Leggings/Tights,Garment Lower body,1010010,Melange,9,Black,4,Dark,5,Black,8310,Ladies Sport Bottoms,S,Sport,26,Sport,5,Ladies H&M Sport,1005,Jersey Fancy,"Sports tights in fast-drying functional fabric with jacquard-patterned details. High waist with wide, elasticated ribbing. The tights are designed with the minimum number of seams for a more comfortable fit and increased mobility."
0918522001,0918522,Jackie cable vest,252,Sweater,Garment Upper body,1010016,Solid,11,Off White,3,Light,9,White,1626,Knitwear,A,Ladieswear,1,Ladieswear,15,Womens Everyday Collection,1003,Knitwear,V-neck slipover in a soft cable knit with ribbing around the neckline and hem. Relaxed fit.
0919365008,0919365,Merry HW Slim Mom Denim TRS,272,Trousers,Garment Lower body,1010023,Denim,72,Blue,3,Light,2,Blue,1747,Trousers,D,Divided,2,Divided,53,Divided Collection,1009,Trousers,"5-pocket, ankle-length jeans in washed, stretch denim. Slightly looser fit with an extra-high waist, button fly and tapered legs. The cotton content of the jeans is partly recycled."
0923758001,0923758,Vanessa,-1,Unknown,Unknown,1010016,Solid,10,White,3,Light,9,White,1522,Blouse,A,Ladieswear,1,Ladieswear,15,Womens Everyday Collection,1010,Blouses,"Wide shirt in a cotton weave with a collar, buttons down the front and a pleat at the back. Dropped shoulders, long sleeves with buttoned cuffs, and a rounded hem."
0924243001,0924243,Ohlsson,252,Sweater,Garment Upper body,1010016,Solid,13,Beige,1,Dusty Light,1,Mole,1626,Knitwear,A,Ladieswear,1,Ladieswear,15,Womens Everyday Collection,1003,Knitwear,"Relaxed-fit sweater vest in a soft rib knit containing some wool with ribbing around the neckline, and slits in the sides. Slightly longer at the back. The polyester content of the sweater vest is recycled."
0924243002,0924243,Ohlsson,252,Sweater,Garment Upper body,1010016,Solid,9,Black,4,Dark,5,Black,1626,Knitwear,A,Ladieswear,1,Ladieswear,15,Womens Everyday Collection,1003,Knitwear,"Relaxed-fit sweater vest in a soft rib knit containing some wool with ribbing around the neckline, and slits in the sides. Slightly longer at the back. The polyester content of the sweater vest is recycled."
0929165002,0929165,Danila,245,Cardigan,Garment Upper body,1010016,Solid,13,Beige,1,Dusty Light,1,Mole,1626,Knitwear,A,Ladieswear,1,Ladieswear,15,Womens Everyday Collection,1003,Knitwear,Cardigan in a soft rib knit containing some wool. Relaxed fit with low dropped shoulders and extra-long sleeves. Stocking-stitched lapels and ribbing at the cuffs and hem.The polyester content of the cardigan is recycled.
